{
  "r_min": 0.33648794889450073,
  "r_max": 0.6508126258850098,
  "entropy_min": 0.4706683007832796,
  "entropy_max": 1.211749160612623,
  "count": 50
}